date,title,price,rating,availability,in_stock
2026-05-03,A Light in the Attic,51.77,3,In stock,True
2026-05-03,Tipping the Velvet,53.74,1,In stock,True
2026-05-03,Soumission,50.1,1,In stock,True
2026-05-03,Sharp Objects,47.82,4,In stock,True
2026-05-03,Sapiens: A Brief History of Humankind,54.23,5,In stock,True
2026-05-03,The Requiem Red,22.65,1,In stock,True
2026-05-03,The Dirty Little Secrets of Getting Your Dream Job,33.34,4,In stock,True
2026-05-03,"The Coming Woman: A Novel Based on the Life of the Infamous Feminist, Victoria Woodhull",17.93,3,In stock,True
2026-05-03,The Boys in the Boat: Nine Americans and Their Epic Quest for Gold at the 1936 Berlin Olympics,22.6,4,In stock,True
2026-05-03,The Black Maria,52.15,1,In stock,True
2026-05-03,"Starving Hearts (Triangular Trade Trilogy, #1)",13.99,2,In stock,True
2026-05-03,Shakespeare's Sonnets,20.66,4,In stock,True
2026-05-03,Set Me Free,17.46,5,In stock,True
2026-05-03,Scott Pilgrim's Precious Little Life (Scott Pilgrim #1),52.29,5,In stock,True
2026-05-03,Rip it Up and Start Again,35.02,5,In stock,True
2026-05-03,"Our Band Could Be Your Life: Scenes from the American Indie Underground, 1981-1991",57.25,3,In stock,True
2026-05-03,Olio,23.88,1,In stock,True
2026-05-03,Mesaerion: The Best Science Fiction Stories 1800-1849,37.59,1,In stock,True
2026-05-03,Libertarianism for Beginners,51.33,2,In stock,True
2026-05-03,It's Only the Himalayas,45.17,2,In stock,True
2026-05-03,In Her Wake,12.84,1,In stock,True
2026-05-03,How Music Works,37.32,2,In stock,True
2026-05-03,"Foolproof Preserving: A Guide to Small Batch Jams, Jellies, Pickles, Condiments, and More: A Foolproof Guide to Making Small Batch Jams, Jellies, Pickles, Condiments, and More",30.52,3,In stock,True
2026-05-03,Chase Me (Paris Nights #2),25.27,5,In stock,True
2026-05-03,Black Dust,34.53,5,In stock,True
2026-05-03,Birdsong: A Story in Pictures,54.64,3,In stock,True
2026-05-03,America's Cradle of Quarterbacks: Western Pennsylvania's Football Factory from Johnny Unitas to Joe Montana,22.5,3,In stock,True
2026-05-03,Aladdin and His Wonderful Lamp,53.13,3,In stock,True
2026-05-03,Worlds Elsewhere: Journeys Around Shakespeare’s Globe,40.3,5,In stock,True
2026-05-03,Wall and Piece,44.18,4,In stock,True
2026-05-03,The Four Agreements: A Practical Guide to Personal Freedom,17.66,5,In stock,True
2026-05-03,The Five Love Languages: How to Express Heartfelt Commitment to Your Mate,31.05,3,In stock,True
2026-05-03,The Elephant Tree,23.82,5,In stock,True
2026-05-03,The Bear and the Piano,36.89,1,In stock,True
2026-05-03,Sophie's World,15.94,5,In stock,True
2026-05-03,Penny Maybe,33.29,3,In stock,True
2026-05-03,Maude (1883-1993):She Grew Up with the country,18.02,2,In stock,True
2026-05-03,"In a Dark, Dark Wood",19.63,1,In stock,True
2026-05-03,Behind Closed Doors,52.22,4,In stock,True
2026-05-03,You can't bury them all: Poems,33.63,2,In stock,True
2026-05-03,Slow States of Collapse: Poems,57.31,3,In stock,True
2026-05-03,Reasons to Stay Alive,26.41,2,In stock,True
2026-05-03,Private Paris (Private #10),47.61,5,In stock,True
2026-05-03,#HigherSelfie: Wake Up Your Life. Free Your Soul. Find Your Tribe.,23.11,5,In stock,True
2026-05-03,Without Borders (Wanderlove #1),45.07,2,In stock,True
2026-05-03,When We Collided,31.77,1,In stock,True
2026-05-03,"We Love You, Charlie Freeman",50.27,5,In stock,True
2026-05-03,Untitled Collection: Sabbath Poems 2014,14.27,4,In stock,True
2026-05-03,"Unseen City: The Majesty of Pigeons, the Discreet Charm of Snails & Other Wonders of the Urban Wilderness",44.18,4,In stock,True
2026-05-03,Unicorn Tracks,18.78,3,In stock,True
2026-05-03,"Unbound: How Eight Technologies Made Us Human, Transformed Society, and Brought Our World to the Brink",25.52,1,In stock,True
2026-05-03,Tsubasa: WoRLD CHRoNiCLE 2 (Tsubasa WoRLD CHRoNiCLE #2),16.28,1,In stock,True
2026-05-03,Throwing Rocks at the Google Bus: How Growth Became the Enemy of Prosperity,31.12,3,In stock,True
2026-05-03,This One Summer,19.49,4,In stock,True
2026-05-03,Thirst,17.27,5,In stock,True
2026-05-03,The Torch Is Passed: A Harding Family Story,19.09,1,In stock,True
2026-05-03,The Secret of Dreadwillow Carse,56.13,1,In stock,True
2026-05-03,"The Pioneer Woman Cooks: Dinnertime: Comfort Classics, Freezer Food, 16-Minute Meals, and Other Delicious Ways to Solve Supper!",56.41,1,In stock,True
2026-05-03,The Past Never Ends,56.5,4,In stock,True
2026-05-03,The Natural History of Us (The Fine Art of Pretending #2),45.22,3,In stock,True
2026-05-03,The Nameless City (The Nameless City #1),38.16,4,In stock,True
2026-05-03,The Murder That Never Was (Forensic Instincts #5),54.11,3,In stock,True
2026-05-03,The Most Perfect Thing: Inside (and Outside) a Bird's Egg,42.96,4,In stock,True
2026-05-03,"The Mindfulness and Acceptance Workbook for Anxiety: A Guide to Breaking Free from Anxiety, Phobias, and Worry Using Acceptance and Commitment Therapy",23.89,4,In stock,True
2026-05-03,The Life-Changing Magic of Tidying Up: The Japanese Art of Decluttering and Organizing,16.77,3,In stock,True
2026-05-03,"The Inefficiency Assassin: Time Management Tactics for Working Smarter, Not Longer",20.59,5,In stock,True
2026-05-03,The Gutsy Girl: Escapades for Your Life of Epic Adventure,37.13,1,In stock,True
2026-05-03,The Electric Pencil: Drawings from Inside State Hospital No. 3,56.06,1,In stock,True
2026-05-03,The Death of Humanity: and the Case for Life,58.11,4,In stock,True
2026-05-03,"The Bulletproof Diet: Lose up to a Pound a Day, Reclaim Energy and Focus, Upgrade Your Life",49.05,3,In stock,True
2026-05-03,The Art Forger,40.76,3,In stock,True
2026-05-03,The Age of Genius: The Seventeenth Century and the Birth of the Modern Mind,19.73,1,In stock,True
2026-05-03,The Activist's Tao Te Ching: Ancient Advice for a Modern Revolution,32.24,5,In stock,True
2026-05-03,Spark Joy: An Illustrated Master Class on the Art of Organizing and Tidying Up,41.83,4,In stock,True
2026-05-03,Soul Reader,39.58,2,In stock,True
2026-05-03,Security,39.25,2,In stock,True
2026-05-03,"Saga, Volume 6 (Saga (Collected Editions) #6)",25.02,3,In stock,True
2026-05-03,"Saga, Volume 5 (Saga (Collected Editions) #5)",51.04,2,In stock,True
2026-05-03,Reskilling America: Learning to Labor in the Twenty-First Century,19.83,2,In stock,True
2026-05-03,"Rat Queens, Vol. 3: Demons (Rat Queens (Collected Editions) #11-15)",50.4,3,In stock,True
2026-05-03,"Princess Jellyfish 2-in-1 Omnibus, Vol. 01 (Princess Jellyfish 2-in-1 Omnibus #1)",13.61,5,In stock,True
2026-05-03,Princess Between Worlds (Wide-Awake Princess #5),13.34,5,In stock,True
2026-05-03,"Pop Gun War, Volume 1: Gift",18.97,1,In stock,True
2026-05-03,"Political Suicide: Missteps, Peccadilloes, Bad Calls, Backroom Hijinx, Sordid Pasts, Rotten Breaks, and Just Plain Dumb Mistakes in the Annals of American Politics",36.28,2,In stock,True
2026-05-03,Patience,10.16,3,In stock,True
2026-05-03,"Outcast, Vol. 1: A Darkness Surrounds Him (Outcast #1)",15.44,4,In stock,True
2026-05-03,orange: The Complete Collection 1 (orange: The Complete Collection #1),48.41,1,In stock,True
2026-05-03,Online Marketing for Busy Authors: A Step-By-Step Guide,46.35,1,In stock,True
2026-05-03,On a Midnight Clear,14.07,3,In stock,True
2026-05-03,Obsidian (Lux #1),14.86,2,In stock,True
2026-05-03,My Paris Kitchen: Recipes and Stories,33.37,2,In stock,True
2026-05-03,Masks and Shadows,56.4,2,In stock,True
2026-05-03,"Mama Tried: Traditional Italian Cooking for the Screwed, Crude, Vegan, and Tattooed",14.02,4,In stock,True
2026-05-03,"Lumberjanes, Vol. 2: Friendship to the Max (Lumberjanes #5-8)",46.91,2,In stock,True
2026-05-03,"Lumberjanes, Vol. 1: Beware the Kitten Holy (Lumberjanes #1-4)",45.61,3,In stock,True
2026-05-03,Lumberjanes Vol. 3: A Terrible Plan (Lumberjanes #9-12),19.92,2,In stock,True
2026-05-03,"Layered: Baking, Building, and Styling Spectacular Cakes",40.11,1,In stock,True
2026-05-03,Judo: Seven Steps to Black Belt (an Introductory Guide for Beginners),53.9,2,In stock,True
2026-05-03,Join,35.67,5,In stock,True
2026-05-03,In the Country We Love: My Family Divided,22.0,4,In stock,True
2026-05-03,Immunity: How Elie Metchnikoff Changed the Course of Modern Medicine,57.36,5,In stock,True
2026-05-03,"I Hate Fairyland, Vol. 1: Madly Ever After (I Hate Fairyland (Compilations) #1-5)",29.17,2,In stock,True
2026-05-03,I am a Hero Omnibus Volume 1,54.63,3,In stock,True
2026-05-03,How to Be Miserable: 40 Strategies You Already Use,46.03,1,In stock,True
2026-05-03,Her Backup Boyfriend (The Sorensen Family #1),33.97,1,In stock,True
2026-05-03,"Giant Days, Vol. 2 (Giant Days #5-8)",22.11,2,In stock,True
2026-05-03,Forever and Forever: The Courtship of Henry Longfellow and Fanny Appleton,29.69,3,In stock,True
2026-05-03,First and First (Five Boroughs #3),15.97,4,In stock,True
2026-05-03,Fifty Shades Darker (Fifty Shades #2),21.96,1,In stock,True
2026-05-03,Everydata: The Misinformation Hidden in the Little Data You Consume Every Day,54.35,2,In stock,True
2026-05-03,"Don't Be a Jerk: And Other Practical Advice from Dogen, Japan's Greatest Zen Master",37.97,2,In stock,True
2026-05-03,Danganronpa Volume 1,51.99,4,In stock,True
2026-05-03,Crown of Midnight (Throne of Glass #2),43.29,3,In stock,True
2026-05-03,"Codename Baboushka, Volume 1: The Conclave of Death",36.72,4,In stock,True
2026-05-03,Camp Midnight,17.08,4,In stock,True
2026-05-03,Call the Nurse: True Stories of a Country Nurse on a Scottish Isle,29.14,5,In stock,True
2026-05-03,Burning,28.81,3,In stock,True
2026-05-03,Bossypants,49.46,2,In stock,True
2026-05-03,"Bitch Planet, Vol. 1: Extraordinary Machine (Bitch Planet (Collected Editions))",37.92,2,In stock,True
2026-05-03,"Avatar: The Last Airbender: Smoke and Shadow, Part 3 (Smoke and Shadow #3)",28.09,2,In stock,True
2026-05-03,Algorithms to Live By: The Computer Science of Human Decisions,30.81,1,In stock,True
2026-05-03,A World of Flavor: Your Gluten Free Passport,42.95,1,In stock,True
2026-05-03,"A Piece of Sky, a Grain of Rice: A Memoir in Four Meditations",56.76,5,In stock,True
2026-05-03,A Murder in Time,16.64,1,In stock,True
2026-05-03,A Flight of Arrows (The Pathfinders #2),55.53,5,In stock,True
2026-05-03,A Fierce and Subtle Poison,28.13,4,In stock,True
2026-05-03,A Court of Thorns and Roses (A Court of Thorns and Roses #1),52.37,1,In stock,True
2026-05-03,(Un)Qualified: How God Uses Broken People to Do Big Things,54.0,5,In stock,True
2026-05-03,You Are What You Love: The Spiritual Power of Habit,21.87,4,In stock,True
2026-05-03,"William Shakespeare's Star Wars: Verily, A New Hope (William Shakespeare's Star Wars #4)",43.3,4,In stock,True
2026-05-03,Tuesday Nights in 1980,21.04,2,In stock,True
2026-05-03,Tracing Numbers on a Train,41.6,3,In stock,True
2026-05-03,Throne of Glass (Throne of Glass #1),35.07,3,In stock,True
2026-05-03,Thomas Jefferson and the Tripoli Pirates: The Forgotten War That Changed American History,59.64,1,In stock,True
2026-05-03,Thirteen Reasons Why,52.72,1,In stock,True
2026-05-03,The White Cat and the Monk: A Retelling of the Poem “Pangur Bán”,58.08,4,In stock,True
2026-05-03,The Wedding Dress,24.12,1,In stock,True
2026-05-03,The Vacationers,42.15,4,In stock,True
2026-05-03,The Third Wave: An Entrepreneur’s Vision of the Future,12.61,5,In stock,True
2026-05-03,The Stranger,17.44,4,In stock,True
2026-05-03,The Shadow Hero (The Shadow Hero),33.14,1,In stock,True
2026-05-03,The Secret (The Secret #1),27.37,4,In stock,True
2026-05-03,The Regional Office Is Under Attack!,51.36,5,In stock,True
2026-05-03,The Psychopath Test: A Journey Through the Madness Industry,36.0,2,In stock,True
2026-05-03,The Project,10.65,1,In stock,True
2026-05-03,The Power of Now: A Guide to Spiritual Enlightenment,43.54,2,In stock,True
2026-05-03,The Omnivore's Dilemma: A Natural History of Four Meals,38.21,2,In stock,True
2026-05-03,The Nerdy Nummies Cookbook: Sweet Treats for the Geek in All of Us,37.34,5,In stock,True
2026-05-03,The Murder of Roger Ackroyd (Hercule Poirot #4),44.1,4,In stock,True
2026-05-03,The Mistake (Off-Campus #2),43.29,3,In stock,True
2026-05-03,The Matchmaker's Playbook (Wingmen Inc. #1),55.85,1,In stock,True
2026-05-03,The Love and Lemons Cookbook: An Apple-to-Zucchini Celebration of Impromptu Cooking,37.6,2,In stock,True
2026-05-03,The Long Shadow of Small Ghosts: Murder and Memory in an American City,10.97,1,In stock,True
2026-05-03,The Kite Runner,41.82,4,In stock,True
2026-05-03,The House by the Lake,36.95,1,In stock,True
2026-05-03,The Glittering Court (The Glittering Court #1),44.28,1,In stock,True
2026-05-03,The Girl on the Train,55.02,2,In stock,True
2026-05-03,The Genius of Birds,17.24,1,In stock,True
2026-05-03,The Emerald Mystery,23.15,2,In stock,True
2026-05-03,The Cookies & Cups Cookbook: 125+ sweet & savory recipes reminding you to Always Eat Dessert First,41.25,1,In stock,True
2026-05-03,The Bridge to Consciousness: I'm Writing the Bridge Between Science and Our Old and New Beliefs.,32.0,3,In stock,True
2026-05-03,The Artist's Way: A Spiritual Path to Higher Creativity,38.49,5,In stock,True
2026-05-03,The Art of War,33.34,5,In stock,True
2026-05-03,The Argonauts,10.93,2,In stock,True
2026-05-03,The 10% Entrepreneur: Live Your Startup Dream Without Quitting Your Day Job,27.55,3,In stock,True
2026-05-03,Suddenly in Love (Lake Haven #1),55.99,2,In stock,True
2026-05-03,Something More Than This,16.24,4,In stock,True
2026-05-03,Soft Apocalypse,26.12,2,In stock,True
2026-05-03,So You've Been Publicly Shamed,12.23,2,In stock,True
2026-05-03,Shoe Dog: A Memoir by the Creator of NIKE,23.99,2,In stock,True
2026-05-03,"Shobu Samurai, Project Aryoku (#3)",29.06,3,In stock,True
2026-05-03,Secrets and Lace (Fatal Hearts #1),20.27,1,In stock,True
2026-05-03,Scarlett Epstein Hates It Here,43.55,5,In stock,True
2026-05-03,Romero and Juliet: A Tragic Tale of Love and Zombies,36.94,1,In stock,True
2026-05-03,Redeeming Love,20.47,5,In stock,True
2026-05-03,Poses for Artists Volume 1 - Dynamic and Sitting Poses: An Essential Reference for Figure Drawing and the Human Form,41.06,1,In stock,True
2026-05-03,Poems That Make Grown Women Cry,14.19,4,In stock,True
2026-05-03,"Nightingale, Sing",38.28,1,In stock,True
2026-05-03,Night Sky with Exit Wounds,41.05,1,In stock,True
2026-05-03,Mrs. Houdini,30.25,5,In stock,True
2026-05-03,Modern Romance,28.26,5,In stock,True
2026-05-03,Miss Peregrine’s Home for Peculiar Children (Miss Peregrine’s Peculiar Children #1),10.76,1,In stock,True
2026-05-03,Louisa: The Extraordinary Life of Mrs. Adams,16.85,2,In stock,True
2026-05-03,Little Red,13.47,3,In stock,True
2026-05-03,Library of Souls (Miss Peregrine’s Peculiar Children #3),48.56,5,In stock,True
2026-05-03,Large Print Heart of the Pride,19.15,2,In stock,True
2026-05-03,I Had a Nice Time And Other Lies...: How to find love & sh*t like that,57.36,4,In stock,True
2026-05-03,Hollow City (Miss Peregrine’s Peculiar Children #2),42.98,1,In stock,True
2026-05-03,Grumbles,22.16,2,In stock,True
2026-05-03,Full Moon over Noah’s Ark: An Odyssey to Mount Ararat and Beyond,49.43,4,In stock,True
2026-05-03,Frostbite (Vampire Academy #2),29.99,5,In stock,True
2026-05-03,Follow You Home,21.36,1,In stock,True
2026-05-03,First Steps for New Christians (Print Edition),29.0,1,In stock,True
2026-05-03,Finders Keepers (Bill Hodges Trilogy #2),53.53,5,In stock,True
2026-05-03,"Fables, Vol. 1: Legends in Exile (Fables #1)",41.62,4,In stock,True
2026-05-03,Eureka Trivia 6.0,54.59,4,In stock,True
2026-05-03,Drive: The Surprising Truth About What Motivates Us,34.95,4,In stock,True
2026-05-03,Done Rubbed Out (Reightman & Bailey #1),37.72,5,In stock,True
2026-05-03,Doing It Over (Most Likely To #1),35.61,3,In stock,True
2026-05-03,"Deliciously Ella Every Day: Quick and Easy Recipes for Gluten-Free Snacks, Packed Lunches, and Simple Meals",42.16,3,In stock,True
2026-05-03,Dark Notes,19.19,5,In stock,True
2026-05-03,"Daring Greatly: How the Courage to Be Vulnerable Transforms the Way We Live, Love, Parent, and Lead",19.43,3,In stock,True
2026-05-03,Close to You,49.46,4,In stock,True
2026-05-03,Chasing Heaven: What Dying Taught Me About Living,37.8,2,In stock,True
2026-05-03,Big Magic: Creative Living Beyond Fear,30.8,3,In stock,True
2026-05-03,Becoming Wise: An Inquiry into the Mystery and Art of Living,27.43,2,In stock,True
2026-05-03,Beauty Restored (Riley Family Legacy Novellas #3),11.11,2,In stock,True
2026-05-03,Batman: The Long Halloween (Batman),36.5,2,In stock,True
2026-05-03,Batman: The Dark Knight Returns (Batman),15.38,5,In stock,True
2026-05-03,Ayumi's Violin,15.48,2,In stock,True
2026-05-03,Anonymous,46.82,4,In stock,True
2026-05-03,Amy Meets the Saints and Sages,18.46,3,In stock,True
2026-05-03,Amid the Chaos,36.58,1,In stock,True
2026-05-03,Amatus,50.54,5,In stock,True
2026-05-03,Agnostic: A Spirited Manifesto,12.51,5,In stock,True
2026-05-03,Zealot: The Life and Times of Jesus of Nazareth,24.7,3,In stock,True
2026-05-03,You (You #1),43.61,5,In stock,True
2026-05-03,"Wonder Woman: Earth One, Volume One (Wonder Woman: Earth One #1)",37.34,4,In stock,True
2026-05-03,Wild Swans,14.36,2,In stock,True
2026-05-03,Why the Right Went Wrong: Conservatism--From Goldwater to the Tea Party and Beyond,52.65,4,In stock,True
2026-05-03,Whole Lotta Creativity Going On: 60 Fun and Unusual Exercises to Awaken and Strengthen Your Creativity,38.2,4,In stock,True
2026-05-03,What's It Like in Space?: Stories from Astronauts Who've Been There,19.6,2,In stock,True
2026-05-03,"We Are Robin, Vol. 1: The Vigilante Business (We Are Robin #1)",53.9,1,In stock,True
2026-05-03,Walt Disney's Alice in Wonderland,12.96,5,In stock,True
2026-05-03,V for Vendetta (V for Vendetta Complete),37.1,4,In stock,True
2026-05-03,Until Friday Night (The Field Party #1),46.31,2,In stock,True
2026-05-03,"Unbroken: A World War II Story of Survival, Resilience, and Redemption",45.95,2,In stock,True
2026-05-03,Twenty Yawns,22.08,2,In stock,True
2026-05-03,Through the Woods,25.38,2,In stock,True
2026-05-03,This Is Where It Ends,27.12,2,In stock,True
2026-05-03,The Year of Magical Thinking,43.04,2,In stock,True
2026-05-03,The Wright Brothers,56.8,4,In stock,True
2026-05-03,The White Queen (The Cousins' War #1),25.91,5,In stock,True
2026-05-03,The Wedding Pact (The O'Malleys #2),32.61,3,In stock,True
2026-05-03,The Time Keeper,27.88,5,In stock,True
2026-05-03,The Testament of Mary,52.67,4,In stock,True
2026-05-03,The Star-Touched Queen,46.02,5,In stock,True
2026-05-03,The Songs of the Gods,44.48,5,In stock,True
2026-05-03,The Song of Achilles,37.4,5,In stock,True
2026-05-03,The Rosie Project (Don Tillman #1),54.04,1,In stock,True
2026-05-03,The Power of Habit: Why We Do What We Do in Life and Business,16.88,3,In stock,True
2026-05-03,The Marriage of Opposites,28.08,4,In stock,True
2026-05-03,The Lucifer Effect: Understanding How Good People Turn Evil,10.4,1,In stock,True
2026-05-03,The Long Haul (Diary of a Wimpy Kid #9),44.07,1,In stock,True
2026-05-03,The Loney,23.4,1,In stock,True
2026-05-03,The Literature Book (Big Ideas Simply Explained),17.43,3,In stock,True
2026-05-03,The Last Mile (Amos Decker #2),54.21,2,In stock,True
2026-05-03,The Immortal Life of Henrietta Lacks,40.67,2,In stock,True
2026-05-03,The Hidden Oracle (The Trials of Apollo #1),52.26,2,In stock,True
2026-05-03,The Help Yourself Cookbook for Kids: 60 Easy Plant-Based Recipes Kids Can Make to Stay Healthy and Save the Earth,28.77,3,In stock,True
2026-05-03,The Guilty (Will Robie #4),13.82,2,In stock,True
2026-05-03,The First Hostage (J.B. Collins #2),25.85,3,In stock,True
2026-05-03,The Dovekeepers,48.78,1,In stock,True
2026-05-03,The Darkest Lie,35.35,5,In stock,True
2026-05-03,The Bane Chronicles (The Bane Chronicles #1-11),44.73,4,In stock,True
2026-05-03,The Bad-Ass Librarians of Timbuktu: And Their Race to Save the World’s Most Precious Manuscripts,15.77,1,In stock,True
2026-05-03,The 14th Colony (Cotton Malone #11),39.24,1,In stock,True
2026-05-03,That Darkness (Gardiner and Renner #1),13.92,1,In stock,True
2026-05-03,Tastes Like Fear (DI Marnie Rome #3),10.69,1,In stock,True
2026-05-03,Take Me with You,45.21,3,In stock,True
2026-05-03,Swell: A Year of Waves,45.58,1,In stock,True
2026-05-03,Superman Vol. 1: Before Truth (Superman by Gene Luen Yang #1),11.89,5,In stock,True
2026-05-03,Still Life with Bread Crumbs,26.41,3,In stock,True
2026-05-03,Steve Jobs,39.5,5,In stock,True
2026-05-03,Sorting the Beef from the Bull: The Science of Food Fraud Forensics,44.74,4,In stock,True
2026-05-03,Someone Like You (The Harrisons #2),52.79,5,In stock,True
2026-05-03,"So Cute It Hurts!!, Vol. 6 (So Cute It Hurts!! #6)",35.43,4,In stock,True
2026-05-03,Shtum,55.84,4,In stock,True
2026-05-03,See America: A Celebration of Our National Parks & Treasured Sites,48.87,3,In stock,True
2026-05-03,salt.,46.78,4,In stock,True
2026-05-03,Robin War,47.82,3,In stock,True
2026-05-03,"Red Hood/Arsenal, Vol. 1: Open for Business (Red Hood/Arsenal #1)",25.48,2,In stock,True
2026-05-03,Rain Fish,23.57,3,In stock,True
2026-05-03,"Quarter Life Poetry: Poems for the Young, Broke and Hangry",50.89,5,In stock,True
2026-05-03,Pet Sematary,10.56,3,In stock,True
2026-05-03,"Overload: How to Unplug, Unwind, and Unleash Yourself from the Pressure of Stress",52.15,3,In stock,True
2026-05-03,Once Was a Time,18.28,2,In stock,True
2026-05-03,Old School (Diary of a Wimpy Kid #10),11.83,5,In stock,True
2026-05-03,No Dream Is Too High: Life Lessons From a Man Who Walked on the Moon,21.95,2,In stock,True
2026-05-03,"Naruto (3-in-1 Edition), Vol. 14: Includes Vols. 40, 41 & 42 (Naruto: Omnibus #14)",38.39,2,In stock,True
2026-05-03,My Name Is Lucy Barton,41.56,1,In stock,True
2026-05-03,My Mrs. Brown,24.48,3,In stock,True
2026-05-03,My Kind of Crazy,40.36,1,In stock,True
2026-05-03,Mr. Mercedes (Bill Hodges Trilogy #1),28.9,1,In stock,True
2026-05-03,More Than Music (Chasing the Dream #1),37.61,2,In stock,True
2026-05-03,Made to Stick: Why Some Ideas Survive and Others Die,38.85,5,In stock,True
2026-05-03,Luis Paints the World,53.95,3,In stock,True
2026-05-03,Luckiest Girl Alive,49.83,3,In stock,True
2026-05-03,Lowriders to the Center of the Earth (Lowriders in Space #2),51.51,2,In stock,True
2026-05-03,Love Is a Mix Tape (Music #1),18.03,1,In stock,True
2026-05-03,Looking for Lovely: Collecting the Moments that Matter,29.14,5,In stock,True
2026-05-03,"Living Leadership by Insight: A Good Leader Achieves, a Great Leader Builds Monuments",46.91,4,In stock,True
2026-05-03,Let It Out: A Journey Through Journaling,26.79,5,In stock,True
2026-05-03,Lady Midnight (The Dark Artifices #1),16.28,5,In stock,True
2026-05-03,"It's All Easy: Healthy, Delicious Weeknight Meals in under 30 Minutes",19.55,1,In stock,True
2026-05-03,Island of Dragons (Unwanteds #7),29.65,1,In stock,True
2026-05-03,I Know What I'm Doing -- and Other Lies I Tell Myself: Dispatches from a Life Under Construction,25.98,4,In stock,True
2026-05-03,I Am Pilgrim (Pilgrim #1),10.6,4,In stock,True
2026-05-03,"Hyperbole and a Half: Unfortunate Situations, Flawed Coping Mechanisms, Mayhem, and Other Things That Happened",14.75,5,In stock,True
2026-05-03,"Hush, Hush (Hush, Hush #1)",47.02,3,In stock,True
2026-05-03,Hold Your Breath (Search and Rescue #1),28.82,1,In stock,True
2026-05-03,Hamilton: The Revolution,58.79,3,In stock,True
2026-05-03,Greek Mythic History,10.23,5,In stock,True
2026-05-03,God: The Most Unpleasant Character in All Fiction,30.03,5,In stock,True
2026-05-03,Glory over Everything: Beyond The Kitchen House,45.84,3,In stock,True
2026-05-03,Feathers: Displays of Brilliant Plumage,49.05,3,In stock,True
2026-05-03,"Far & Away: Places on the Brink of Change: Seven Continents, Twenty-Five Years",15.06,4,In stock,True
2026-05-03,Every Last Word,46.47,3,In stock,True
2026-05-03,Eligible (The Austen Project #4),27.09,3,In stock,True
2026-05-03,El Deafo,57.62,5,In stock,True
2026-05-03,Eight Hundred Grapes,14.39,4,In stock,True
2026-05-03,"Eaternity: More than 150 Deliciously Easy Vegan Recipes for a Long, Healthy, Satisfied, Joyful Life",51.75,5,In stock,True
2026-05-03,"Eat Fat, Get Thin",54.07,2,In stock,True
2026-05-03,Don't Get Caught,55.35,1,In stock,True
2026-05-03,Doctor Sleep (The Shining #2),40.12,2,In stock,True
2026-05-03,Demigods & Magicians: Percy and Annabeth Meet the Kanes (Percy Jackson & Kane Chronicles Crossover #1-3),37.51,5,In stock,True
2026-05-03,Dear Mr. Knightley,11.21,5,In stock,True
2026-05-03,Daily Fantasy Sports,36.58,1,In stock,True
2026-05-03,Crazy Love: Overwhelmed by a Relentless God,47.72,2,In stock,True
2026-05-03,Cometh the Hour (The Clifton Chronicles #6),25.01,3,In stock,True
2026-05-03,Code Name Verity (Code Name Verity #1),22.13,4,In stock,True
2026-05-03,Clockwork Angel (The Infernal Devices #1),44.14,1,In stock,True
2026-05-03,City of Glass (The Mortal Instruments #3),56.02,4,In stock,True
2026-05-03,City of Fallen Angels (The Mortal Instruments #4),11.23,4,In stock,True
2026-05-03,City of Bones (The Mortal Instruments #1),43.28,1,In stock,True
2026-05-03,City of Ashes (The Mortal Instruments #2),47.27,1,In stock,True
2026-05-03,Cell,20.29,4,In stock,True
2026-05-03,Catching Jordan (Hundred Oaks),50.83,3,In stock,True
2026-05-03,"Carry On, Warrior: Thoughts on Life Unarmed",31.85,3,In stock,True
2026-05-03,Carrie,46.23,2,In stock,True
2026-05-03,Buying In: The Secret Dialogue Between What We Buy and Who We Are,37.8,4,In stock,True
2026-05-03,Brain on Fire: My Month of Madness,49.32,5,In stock,True
2026-05-03,Batman: Europa,32.01,2,In stock,True
2026-05-03,Barefoot Contessa Back to Basics,28.01,1,In stock,True
2026-05-03,Barefoot Contessa at Home: Everyday Recipes You'll Make Over and Over Again,50.62,5,In stock,True
2026-05-03,Balloon Animals,17.03,3,In stock,True
2026-05-03,Art Ops Vol. 1,48.8,3,In stock,True
2026-05-03,Aristotle and Dante Discover the Secrets of the Universe (Aristotle and Dante Discover the Secrets of the Universe #1),58.14,4,In stock,True
2026-05-03,Angels Walking (Angels Walking #1),34.2,2,In stock,True
2026-05-03,Angels & Demons (Robert Langdon #1),51.48,3,In stock,True
2026-05-03,All the Light We Cannot See,29.87,5,In stock,True
2026-05-03,"Adulthood Is a Myth: A ""Sarah's Scribbles"" Collection",10.9,2,In stock,True
2026-05-03,Abstract City,56.37,5,In stock,True
2026-05-03,A Time of Torment (Charlie Parker #14),48.35,5,In stock,True
2026-05-03,A Study in Scarlet (Sherlock Holmes #1),16.73,2,In stock,True
2026-05-03,"A Series of Catastrophes and Miracles: A True Story of Love, Science, and Cancer",56.48,2,In stock,True
2026-05-03,A People's History of the United States,40.79,2,In stock,True
2026-05-03,A Man Called Ove,39.72,1,In stock,True
2026-05-03,A Distant Mirror: The Calamitous 14th Century,14.58,3,In stock,True
2026-05-03,A Brush of Wings (Angels Walking #3),55.51,1,In stock,True
2026-05-03,1491: New Revelations of the Americas Before Columbus,21.8,3,In stock,True
2026-05-03,"The Three Searches, Meaning, and the Story",13.33,3,In stock,True
2026-05-03,Searching for Meaning in Gailana,38.73,1,In stock,True
2026-05-03,Rook,37.86,4,In stock,True
2026-05-03,My Kitchen Year: 136 Recipes That Saved My Life,11.53,2,In stock,True
2026-05-03,13 Hours: The Inside Account of What Really Happened In Benghazi,27.06,1,In stock,True
2026-05-03,Will You Won't You Want Me?,13.86,3,In stock,True
2026-05-03,Tipping Point for Planet Earth: How Close Are We to the Edge?,37.55,1,In stock,True
2026-05-03,The Star-Touched Queen,32.3,5,In stock,True
2026-05-03,The Silent Sister (Riley MacPherson #1),46.29,5,In stock,True
2026-05-03,The Midnight Watch: A Novel of the Titanic and the Californian,26.2,1,In stock,True
2026-05-03,The Lonely City: Adventures in the Art of Being Alone,33.26,2,In stock,True
2026-05-03,The Gray Rhino: How to Recognize and Act on the Obvious Dangers We Ignore,59.15,4,In stock,True
2026-05-03,The Golden Condom: And Other Essays on Love Lost and Found,39.43,1,In stock,True
2026-05-03,The Epidemic (The Program 0.6),14.44,5,In stock,True
2026-05-03,The Dinner Party,56.54,2,In stock,True
2026-05-03,The Diary of a Young Girl,59.9,3,In stock,True
2026-05-03,The Children,11.88,3,In stock,True
2026-05-03,Stars Above (The Lunar Chronicles #4.5),48.05,2,In stock,True
2026-05-03,Snatched: How A Drug Queen Went Undercover for the DEA and Was Kidnapped By Colombian Guerillas,21.21,3,In stock,True
2026-05-03,Raspberry Pi Electronics Projects for the Evil Genius,49.67,4,In stock,True
2026-05-03,Quench Your Own Thirst: Business Lessons Learned Over a Beer or Two,43.14,1,In stock,True
2026-05-03,Psycho: Sanitarium (Psycho #1.5),36.97,5,In stock,True
2026-05-03,Poisonous (Max Revere Novels #3),26.8,3,In stock,True
2026-05-03,One with You (Crossfire #5),15.71,4,In stock,True
2026-05-03,No Love Allowed (Dodge Cove #1),54.65,4,In stock,True
2026-05-03,Murder at the 42nd Street Library (Raymond Ambler #1),54.36,4,In stock,True
2026-05-03,Most Wanted,35.28,3,In stock,True
2026-05-03,"Love, Lies and Spies",20.55,2,In stock,True
2026-05-03,How to Speak Golf: An Illustrated Guide to Links Lingo,58.32,5,In stock,True
2026-05-03,Hide Away (Eve Duncan #20),11.84,1,In stock,True
2026-05-03,Furiously Happy: A Funny Book About Horrible Things,41.46,4,In stock,True
2026-05-03,Everyday Italian: 125 Simple and Delicious Recipes,20.1,5,In stock,True
2026-05-03,Equal Is Unfair: America's Misguided Fight Against Income Inequality,56.86,1,In stock,True
2026-05-03,Eleanor & Park,56.51,5,In stock,True
2026-05-03,Dirty (Dive Bar #1),40.83,4,In stock,True
2026-05-03,Can You Keep a Secret? (Fear Street Relaunch #4),48.64,1,In stock,True
2026-05-03,Boar Island (Anna Pigeon #19),59.48,3,In stock,True
2026-05-03,A Paris Apartment,39.01,4,In stock,True
2026-05-03,"A la Mode: 120 Recipes in 60 Pairings: Pies, Tarts, Cakes, Crisps, and More Topped with Ice Cream, Gelato, Frozen Custard, and More",38.77,1,In stock,True
2026-05-03,Troublemaker: Surviving Hollywood and Scientology,48.39,2,In stock,True
2026-05-03,The Widow,27.26,2,In stock,True
2026-05-03,"The Sleep Revolution: Transforming Your Life, One Night at a Time",11.68,4,In stock,True
2026-05-03,The Improbability of Love,59.45,1,In stock,True
2026-05-03,The Art of Startup Fundraising,21.0,3,In stock,True
2026-05-03,Take Me Home Tonight (Rock Star Romance #3),53.98,3,In stock,True
2026-05-03,Sleeping Giants (Themis Files #1),48.74,1,In stock,True
2026-05-03,"Setting the World on Fire: The Brief, Astonishing Life of St. Catherine of Siena",21.15,2,In stock,True
2026-05-03,Playing with Fire,13.71,3,In stock,True
2026-05-03,Off the Hook (Fishing for Trouble #1),47.67,3,In stock,True
2026-05-03,Mothering Sunday,13.34,2,In stock,True
2026-05-03,"Mother, Can You Not?",16.89,5,In stock,True
2026-05-03,M Train,27.18,1,In stock,True
2026-05-03,Lilac Girls,17.28,2,In stock,True
2026-05-03,Lies and Other Acts of Love,45.14,1,In stock,True
2026-05-03,Lab Girl,40.85,1,In stock,True
2026-05-03,Keep Me Posted,20.46,4,In stock,True
2026-05-03,It Didn't Start with You: How Inherited Family Trauma Shapes Who We Are and How to End the Cycle,56.27,3,In stock,True
2026-05-03,Grey (Fifty Shades #4),48.49,4,In stock,True
2026-05-03,"Exit, Pursued by a Bear",51.34,4,In stock,True
2026-05-03,Daredevils,16.34,3,In stock,True
2026-05-03,Cravings: Recipes for What You Want to Eat,20.5,3,In stock,True
2026-05-03,Born for This: How to Find the Work You Were Meant to Do,21.59,5,In stock,True
2026-05-03,Arena,21.36,4,In stock,True
2026-05-03,Adultery,20.88,5,In stock,True
2026-05-03,A Mother's Reckoning: Living in the Aftermath of Tragedy,19.53,3,In stock,True
2026-05-03,A Gentleman's Position (Society of Gentlemen #3),14.75,5,In stock,True
2026-05-03,11/22/63,48.48,3,In stock,True
2026-05-03,"10% Happier: How I Tamed the Voice in My Head, Reduced Stress Without Losing My Edge, and Found Self-Help That Actually Works",24.57,2,In stock,True
2026-05-03,10-Day Green Smoothie Cleanse: Lose Up to 15 Pounds in 10 Days!,49.71,5,In stock,True
2026-05-03,Without Shame,48.27,5,In stock,True
2026-05-03,Watchmen,58.05,4,In stock,True
2026-05-03,Unlimited Intuition Now,58.87,4,In stock,True
2026-05-03,Underlying Notes,11.82,2,In stock,True
2026-05-03,The Shack,28.03,1,In stock,True
2026-05-03,The New Brand You: Your New Image Makes the Sale for You,44.05,5,In stock,True
2026-05-03,"The Moosewood Cookbook: Recipes from Moosewood Restaurant, Ithaca, New York",12.34,4,In stock,True
2026-05-03,The Flowers Lied,16.68,2,In stock,True
2026-05-03,"The Fabric of the Cosmos: Space, Time, and the Texture of Reality",55.91,1,In stock,True
2026-05-03,The Book of Mormon,24.57,3,In stock,True
2026-05-03,The Art and Science of Low Carbohydrate Living,52.98,5,In stock,True
2026-05-03,The Alien Club,54.4,1,In stock,True
2026-05-03,Suzie Snowflake: One beautiful flake (a self-esteem story),54.81,5,In stock,True
2026-05-03,Nap-a-Roo,25.08,1,In stock,True
2026-05-03,"NaNo What Now? Finding your editing process, revising your NaNoWriMo book and building a writing career through publishing and beyond",10.41,4,In stock,True
2026-05-03,Modern Day Fables,47.44,2,In stock,True
2026-05-03,If I Gave You God's Phone Number....: Searching for Spirituality in America,20.91,1,In stock,True
2026-05-03,"Fruits Basket, Vol. 9 (Fruits Basket #9)",33.95,4,In stock,True
2026-05-03,Dress Your Family in Corduroy and Denim,43.68,3,In stock,True
2026-05-03,Don't Forget Steven,33.23,1,In stock,True
2026-05-03,Chernobyl 01:23:40: The Incredible True Story of the World's Worst Nuclear Disaster,35.92,2,In stock,True
2026-05-03,Art and Fear: Observations on the Perils (and Rewards) of Artmaking,48.63,4,In stock,True
2026-05-03,A Shard of Ice (The Black Symphony Saga #1),56.63,3,In stock,True
2026-05-03,A Hero's Curse (The Unseen Chronicles #1),50.49,3,In stock,True
2026-05-03,23 Degrees South: A Tropical Tale of Changing Whether...,35.79,2,In stock,True
2026-05-03,"Zero to One: Notes on Startups, or How to Build the Future",34.06,3,In stock,True
2026-05-03,Why Not Me?,17.76,1,In stock,True
2026-05-03,When Breath Becomes Air,39.36,2,In stock,True
2026-05-03,Vagabonding: An Uncommon Guide to the Art of Long-Term World Travel,36.94,2,In stock,True
2026-05-03,The Unlikely Pilgrimage of Harold Fry (Harold Fry #1),43.62,5,In stock,True
2026-05-03,The New Drawing on the Right Side of the Brain,43.02,3,In stock,True
2026-05-03,"The Midnight Assassin: Panic, Scandal, and the Hunt for America's First Serial Killer",28.45,4,In stock,True
2026-05-03,The Martian (The Martian #1),41.39,2,In stock,True
2026-05-03,The High Mountains of Portugal,51.15,1,In stock,True
2026-05-03,The Grownup,35.88,1,In stock,True
2026-05-03,The E-Myth Revisited: Why Most Small Businesses Don't Work and What to Do About It,36.91,1,In stock,True
2026-05-03,South of Sunshine,28.93,1,In stock,True
2026-05-03,Smarter Faster Better: The Secrets of Being Productive in Life and Business,38.89,5,In stock,True
2026-05-03,Silence in the Dark (Logan Point #4),58.33,3,In stock,True
2026-05-03,Shadows of the Past (Logan Point #1),39.67,5,In stock,True
2026-05-03,Roller Girl,14.1,5,In stock,True
2026-05-03,Rising Strong,21.82,3,In stock,True
2026-05-03,Proofs of God: Classical Arguments from Tertullian to Barth,54.21,1,In stock,True
2026-05-03,Please Kill Me: The Uncensored Oral History of Punk,31.19,4,In stock,True
2026-05-03,Out of Print: City Lights Spotlight No. 14,53.64,5,In stock,True
2026-05-03,My Life Next Door (My Life Next Door ),36.39,5,In stock,True
2026-05-03,Miller's Valley,58.54,2,In stock,True
2026-05-03,Man's Search for Meaning,29.48,3,In stock,True
2026-05-03,"Love That Boy: What Two Presidents, Eight Road Trips, and My Son Taught Me About a Parent's Expectations",25.06,2,In stock,True
2026-05-03,Living Forward: A Proven Plan to Stop Drifting and Get the Life You Want,12.55,3,In stock,True
2026-05-03,Les Fleurs du Mal,29.04,5,In stock,True
2026-05-03,Left Behind (Left Behind #1),40.72,2,In stock,True
2026-05-03,Kill 'Em and Leave: Searching for James Brown and the American Soul,45.05,5,In stock,True
2026-05-03,Kierkegaard: A Christian Missionary to Christians,47.13,1,In stock,True
2026-05-03,John Vassos: Industrial Design for Modern Life,20.22,4,In stock,True
2026-05-03,I'll Give You the Sun,56.48,1,In stock,True
2026-05-03,I Will Find You,44.21,1,In stock,True
2026-05-03,Hystopia: A Novel,21.96,4,In stock,True
2026-05-03,Howl and Other Poems,40.45,2,In stock,True
2026-05-03,History of Beauty,10.29,4,In stock,True
2026-05-03,Heaven is for Real: A Little Boy's Astounding Story of His Trip to Heaven and Back,52.86,2,In stock,True
2026-05-03,Future Shock (Future Shock #1),55.65,5,In stock,True
2026-05-03,Ender's Game (The Ender Quintet #1),43.64,1,In stock,True
2026-05-03,Diary of a Citizen Scientist: Chasing Tiger Beetles and Other New Ways of Engaging the World,28.41,1,In stock,True
2026-05-03,Death by Leisure: A Cautionary Tale,37.51,4,In stock,True
2026-05-03,Brilliant Beacons: A History of the American Lighthouse,11.45,3,In stock,True
2026-05-03,Brazen: The Courage to Find the You That's Been Hiding,19.22,2,In stock,True
2026-05-03,Between the World and Me,56.91,4,In stock,True
2026-05-03,Being Mortal: Medicine and What Matters in the End,55.06,4,In stock,True
2026-05-03,"A Murder Over a Girl: Justice, Gender, Junior High",13.2,3,In stock,True
2026-05-03,32 Yolks,53.63,2,In stock,True
2026-05-03,"""Most Blessed of the Patriarchs"": Thomas Jefferson and the Empire of the Imagination",44.48,5,In stock,True
2026-05-03,You Are a Badass: How to Stop Doubting Your Greatness and Start Living an Awesome Life,12.08,3,In stock,True
2026-05-03,Wildlife of New York: A Five-Borough Coloring Book,22.14,2,In stock,True
2026-05-03,What Happened on Beale Street (Secrets of the South Mysteries #2),25.37,5,In stock,True
2026-05-03,Unreasonable Hope: Finding Faith in the God Who Brings Purpose to Your Pain,46.33,2,In stock,True
2026-05-03,Under the Tuscan Sun,37.33,3,In stock,True
2026-05-03,Toddlers Are A**holes: It's Not Your Fault,25.55,1,In stock,True
2026-05-03,The Year of Living Biblically: One Man's Humble Quest to Follow the Bible as Literally as Possible,34.72,1,In stock,True
2026-05-03,The Whale,35.96,4,In stock,True
2026-05-03,The Story of Art,41.14,4,In stock,True
2026-05-03,The Origin of Species,10.01,4,In stock,True
2026-05-03,The Great Gatsby,36.05,4,In stock,True
2026-05-03,The Good Girl,49.03,3,In stock,True
2026-05-03,The Glass Castle,16.24,1,In stock,True
2026-05-03,The Faith of Christopher Hitchens: The Restless Soul of the World's Most Notorious Atheist,39.55,1,In stock,True
2026-05-03,The Drowning Girls,35.67,3,In stock,True
2026-05-03,The Constant Princess (The Tudor Court #1),16.62,3,In stock,True
2026-05-03,The Bourne Identity (Jason Bourne #1),42.78,4,In stock,True
2026-05-03,The Bachelor Girl's Guide to Murder (Herringford and Watts Mysteries #1),52.3,5,In stock,True
2026-05-03,The Art Book,32.34,2,In stock,True
2026-05-03,The 7 Habits of Highly Effective People: Powerful Lessons in Personal Change,33.17,4,In stock,True
2026-05-03,Team of Rivals: The Political Genius of Abraham Lincoln,20.12,5,In stock,True
2026-05-03,Steal Like an Artist: 10 Things Nobody Told You About Being Creative,20.9,2,In stock,True
2026-05-03,"Sit, Stay, Love",20.9,3,In stock,True
2026-05-03,Sister Dear,40.2,4,In stock,True
2026-05-03,"Shrunken Treasures: Literary Classics, Short, Sweet, and Silly",52.87,3,In stock,True
2026-05-03,"Rich Dad, Poor Dad",51.74,1,In stock,True
2026-05-03,Raymie Nightingale,34.41,2,In stock,True
2026-05-03,Playing from the Heart,32.38,1,In stock,True
2026-05-03,Nightstruck: A Novel,50.35,4,In stock,True
2026-05-03,"Naturally Lean: 125 Nourishing Gluten-Free, Plant-Based Recipes--All Under 300 Calories",11.38,5,In stock,True
2026-05-03,Meternity,43.58,3,In stock,True
2026-05-03,Memoirs of a Geisha,49.67,3,In stock,True
2026-05-03,Like Never Before (Walker Family #2),28.77,2,In stock,True
2026-05-03,Life of Pi,13.22,4,In stock,True
2026-05-03,Leave This Song Behind: Teen Poetry at Its Best,51.17,5,In stock,True
2026-05-03,King's Folly (The Kinsman Chronicles #1),39.61,5,In stock,True
2026-05-03,John Adams,57.43,4,In stock,True
2026-05-03,How to Cook Everything Vegetarian: Simple Meatless Recipes for Great Food (How to Cook Everything),46.01,4,In stock,True
2026-05-03,How to Be a Domestic Goddess: Baking and the Art of Comfort Cooking,28.25,2,In stock,True
2026-05-03,Good in Bed (Cannie Shapiro #1),37.05,5,In stock,True
2026-05-03,"Fruits Basket, Vol. 7 (Fruits Basket #7)",19.57,1,In stock,True
2026-05-03,For the Love: Fighting for Grace in a World of Impossible Standards,45.13,3,In stock,True
2026-05-03,Finding God in the Ruins: How God Redeems Pain,46.64,2,In stock,True
2026-05-03,Every Heart a Doorway (Every Heart A Doorway #1),12.16,5,In stock,True
2026-05-03,Delivering the Truth (Quaker Midwife Mystery #1),20.89,4,In stock,True
2026-05-03,Counted With the Stars (Out from Egypt #1),17.97,5,In stock,True
2026-05-03,"Chronicles, Vol. 1",52.6,2,In stock,True
2026-05-03,Blue Like Jazz: Nonreligious Thoughts on Christian Spirituality,25.77,1,In stock,True
2026-05-03,Benjamin Franklin: An American Life,48.19,3,In stock,True
2026-05-03,"At The Existentialist Café: Freedom, Being, and apricot cocktails with: Jean-Paul Sartre, Simone de Beauvoir, Albert Camus, Martin Heidegger, Edmund Husserl, Karl Jaspers, Maurice Merleau-Ponty and others",29.93,5,In stock,True
2026-05-03,A Summer In Europe,44.34,2,In stock,True
2026-05-03,A Short History of Nearly Everything,52.4,5,In stock,True
2026-05-03,A Gathering of Shadows (Shades of Magic #2),44.81,4,In stock,True
2026-05-03,The Sound Of Love,57.84,5,In stock,True
2026-05-03,The Rise and Fall of the Third Reich: A History of Nazi Germany,39.67,2,In stock,True
2026-05-03,The Perks of Being a Wallflower,55.02,3,In stock,True
2026-05-03,The Mysterious Affair at Styles (Hercule Poirot #1),24.8,4,In stock,True
2026-05-03,The Man Who Mistook His Wife for a Hat and Other Clinical Tales,59.45,4,In stock,True
2026-05-03,The Makings of a Fatherless Child,31.58,2,In stock,True
2026-05-03,The Joy of Cooking,43.27,4,In stock,True
2026-05-03,The Invention of Wings,37.34,1,In stock,True
2026-05-03,The Hobbit (Middle-Earth Universe),17.8,5,In stock,True
2026-05-03,The Great Railway Bazaar,30.54,1,In stock,True
2026-05-03,The Golden Compass (His Dark Materials #1),18.77,1,In stock,True
2026-05-03,The God Delusion,46.85,3,In stock,True
2026-05-03,The Girl You Left Behind (The Girl You Left Behind #1),15.79,1,In stock,True
2026-05-03,The Fellowship of the Ring (The Lord of the Rings #1),10.27,2,In stock,True
2026-05-03,The Collected Poems of W.B. Yeats (The Collected Works of W.B. Yeats #1),15.42,5,In stock,True
2026-05-03,The Barefoot Contessa Cookbook,59.92,5,In stock,True
2026-05-03,Tell the Wolves I'm Home,50.96,2,In stock,True
2026-05-03,Ship Leaves Harbor: Essays on Travel by a Recovering Journeyman,30.6,3,In stock,True
2026-05-03,Pride and Prejudice,19.27,4,In stock,True
2026-05-03,Musicophilia: Tales of Music and the Brain,46.58,1,In stock,True
2026-05-03,Mere Christianity,48.51,3,In stock,True
2026-05-03,Me Before You (Me Before You #1),19.02,1,In stock,True
2026-05-03,In the Woods (Dublin Murder Squad #1),38.38,2,In stock,True
2026-05-03,In Cold Blood,49.98,4,In stock,True
2026-05-03,How to Stop Worrying and Start Living,46.49,5,In stock,True
2026-05-03,Give It Back,18.32,2,In stock,True
2026-05-03,"Girl, Interrupted",42.14,3,In stock,True
2026-05-03,Fun Home: A Family Tragicomic,56.59,4,In stock,True
2026-05-03,"Fruits Basket, Vol. 6 (Fruits Basket #6)",20.96,4,In stock,True
2026-05-03,Deception Point,40.32,4,In stock,True
2026-05-03,"Death Note, Vol. 6: Give-and-Take (Death Note #6)",36.39,3,In stock,True
2026-05-03,Catherine the Great: Portrait of a Woman,58.55,4,In stock,True
2026-05-03,Better Homes and Gardens New Cook Book,39.61,3,In stock,True
2026-05-03,An Unquiet Mind: A Memoir of Moods and Madness,21.3,3,In stock,True
2026-05-03,A Year in Provence (Provence #1),56.88,4,In stock,True
2026-05-03,World Without End (The Pillars of the Earth #2),32.97,4,In stock,True
2026-05-03,"Will Grayson, Will Grayson (Will Grayson, Will Grayson)",47.31,4,In stock,True
2026-05-03,Why Save the Bankers?: And Other Essays on Our Economic and Political Crisis,48.67,2,In stock,True
2026-05-03,Where She Went (If I Stay #2),41.73,4,In stock,True
2026-05-03,What If?: Serious Scientific Answers to Absurd Hypothetical Questions,53.68,4,In stock,True
2026-05-03,Two Summers,14.64,1,In stock,True
2026-05-03,This Is Your Brain on Music: The Science of a Human Obsession,38.4,1,In stock,True
2026-05-03,The Secret Garden,15.08,4,In stock,True
2026-05-03,The Raven King (The Raven Cycle #4),30.57,2,In stock,True
2026-05-03,The Raven Boys (The Raven Cycle #1),57.74,4,In stock,True
2026-05-03,The Power Greens Cookbook: 140 Delicious Superfood Recipes,11.05,5,In stock,True
2026-05-03,The Metamorphosis,28.58,1,In stock,True
2026-05-03,The Mathews Men: Seven Brothers and the War Against Hitler's U-boats,42.91,5,In stock,True
2026-05-03,The Little Paris Bookshop,24.73,3,In stock,True
2026-05-03,The Hiding Place,55.91,4,In stock,True
2026-05-03,The Grand Design,13.76,3,In stock,True
2026-05-03,The Firm,45.56,3,In stock,True
2026-05-03,The Fault in Our Stars,47.22,1,In stock,True
2026-05-03,The False Prince (The Ascendance Trilogy #1),56.0,5,In stock,True
2026-05-03,The Expatriates,44.58,2,In stock,True
2026-05-03,The Dream Thieves (The Raven Cycle #2),34.5,1,In stock,True
2026-05-03,The Darkest Corners,11.33,5,In stock,True
2026-05-03,The Crossover,38.77,4,In stock,True
2026-05-03,The 5th Wave (The 5th Wave #1),11.83,2,In stock,True
2026-05-03,Tell the Wind and Fire,45.51,3,In stock,True
2026-05-03,Tell Me Three Things,41.81,1,In stock,True
2026-05-03,Talking to Girls About Duran Duran: One Young Man's Quest for True Love and a Cooler Haircut,25.15,4,In stock,True
2026-05-03,Siddhartha,34.22,5,In stock,True
2026-05-03,Shiver (The Wolves of Mercy Falls #1),16.23,5,In stock,True
2026-05-03,Remember Me?,11.48,3,In stock,True
2026-05-03,Red Dragon (Hannibal Lecter #1),23.37,3,In stock,True
2026-05-03,Peak: Secrets from the New Science of Expertise,16.28,2,In stock,True
2026-05-03,My Mother Was Nuts,31.63,4,In stock,True
2026-05-03,Mexican Today: New and Rediscovered Recipes for Contemporary Kitchens,24.91,5,In stock,True
2026-05-03,Maybe Something Beautiful: How Art Transformed a Neighborhood,22.54,1,In stock,True
2026-05-03,Lola and the Boy Next Door (Anna and the French Kiss #2),23.63,4,In stock,True
2026-05-03,Logan Kade (Fallen Crest High #5.5),13.12,2,In stock,True
2026-05-03,Last One Home (New Beginnings #1),59.98,3,In stock,True
2026-05-03,Killing Floor (Jack Reacher #1),31.49,4,In stock,True
2026-05-03,Kill the Boy Band,15.52,5,In stock,True
2026-05-03,Isla and the Happily Ever After (Anna and the French Kiss #3),48.13,5,In stock,True
2026-05-03,If I Stay (If I Stay #1),38.13,5,In stock,True
2026-05-03,I Know Why the Caged Bird Sings (Maya Angelou's Autobiography #1),36.55,2,In stock,True
2026-05-03,Harry Potter and the Deathly Hallows (Harry Potter #7),23.32,1,In stock,True
2026-05-03,"Fruits Basket, Vol. 5 (Fruits Basket #5)",16.33,1,In stock,True
2026-05-03,Foundation (Foundation (Publication Order) #1),32.42,1,In stock,True
2026-05-03,Fool Me Once,16.96,1,In stock,True
2026-05-03,Find Her (Detective D.D. Warren #8),22.37,1,In stock,True
2026-05-03,Evicted: Poverty and Profit in the American City,42.27,1,In stock,True
2026-05-03,Drama,38.7,2,In stock,True
2026-05-03,Dracula the Un-Dead,35.63,5,In stock,True
2026-05-03,Digital Fortress,58.0,5,In stock,True
2026-05-03,"Death Note, Vol. 5: Whiteout (Death Note #5)",52.41,1,In stock,True
2026-05-03,"Data, A Love Story: How I Gamed Online Dating to Meet My Match",32.35,3,In stock,True
2026-05-03,Critique of Pure Reason,20.75,1,In stock,True
2026-05-03,Booked,17.49,5,In stock,True
2026-05-03,"Blue Lily, Lily Blue (The Raven Cycle #3)",34.13,5,In stock,True
2026-05-03,Approval Junkie: Adventures in Caring Too Much,58.81,5,In stock,True
2026-05-03,An Abundance of Katherines,10.0,5,In stock,True
2026-05-03,America's War for the Greater Middle East: A Military History,51.22,2,In stock,True
2026-05-03,Alight (The Generations Trilogy #2),58.59,4,In stock,True
2026-05-03,A Girl's Guide to Moving On (New Beginnings #2),31.3,1,In stock,True
2026-05-03,A Game of Thrones (A Song of Ice and Fire #1),46.42,2,In stock,True
2026-05-03,A Feast for Crows (A Song of Ice and Fire #4),17.21,4,In stock,True
2026-05-03,A Clash of Kings (A Song of Ice and Fire #2),10.79,3,In stock,True
2026-05-03,Vogue Colors A to Z: A Fashion Coloring Book,52.35,4,In stock,True
2026-05-03,The Shining (The Shining #1),27.88,3,In stock,True
2026-05-03,The Pilgrim's Progress,50.26,2,In stock,True
2026-05-03,The Perfect Play (Play by Play #1),59.99,3,In stock,True
2026-05-03,The Passion of Dolssa,28.32,5,In stock,True
2026-05-03,The Jazz of Physics: The Secret Link Between Music and the Structure of the Universe,38.71,3,In stock,True
2026-05-03,The Hunger Games (The Hunger Games #1),29.85,5,In stock,True
2026-05-03,The Hound of the Baskervilles (Sherlock Holmes #5),14.82,2,In stock,True
2026-05-03,The Gunning of America: Business and the Making of American Gun Culture,16.81,4,In stock,True
2026-05-03,The Geography of Bliss: One Grump's Search for the Happiest Places in the World,28.23,2,In stock,True
2026-05-03,The Demonists (Demonist #1),52.11,2,In stock,True
2026-05-03,"The Demon Prince of Momochi House, Vol. 4 (The Demon Prince of Momochi House #4)",27.88,2,In stock,True
2026-05-03,The Bone Hunters (Lexy Vaughan & Steven Macaulay #2),59.71,3,In stock,True
2026-05-03,The Beast (Black Dagger Brotherhood #14),46.08,5,In stock,True
2026-05-03,Some Women,13.73,5,In stock,True
2026-05-03,Shopaholic Ties the Knot (Shopaholic #3),48.39,5,In stock,True
2026-05-03,Paper and Fire (The Great Library #2),49.45,5,In stock,True
2026-05-03,Outlander (Outlander #1),19.67,5,In stock,True
2026-05-03,"Orchestra of Exiles: The Story of Bronislaw Huberman, the Israel Philharmonic, and the One Thousand Jews He Saved from Nazi Horrors",12.36,3,In stock,True
2026-05-03,No One Here Gets Out Alive,20.02,5,In stock,True
2026-05-03,Night Shift (Night Shift #1-20),12.75,4,In stock,True
2026-05-03,Needful Things,47.51,4,In stock,True
2026-05-03,Mockingjay (The Hunger Games #3),20.44,4,In stock,True
2026-05-03,Misery,34.79,2,In stock,True
2026-05-03,Little Women (Little Women #1),28.07,4,In stock,True
2026-05-03,It,25.01,3,In stock,True
2026-05-03,Harry Potter and the Sorcerer's Stone (Harry Potter #1),13.9,3,In stock,True
2026-05-03,Harry Potter and the Prisoner of Azkaban (Harry Potter #3),24.17,4,In stock,True
2026-05-03,Harry Potter and the Order of the Phoenix (Harry Potter #5),31.63,4,In stock,True
2026-05-03,Harry Potter and the Half-Blood Prince (Harry Potter #6),48.75,5,In stock,True
2026-05-03,Harry Potter and the Chamber of Secrets (Harry Potter #2),14.74,1,In stock,True
2026-05-03,Gone with the Wind,32.49,3,In stock,True
2026-05-03,God Is Not Great: How Religion Poisons Everything,27.8,1,In stock,True
2026-05-03,Girl With a Pearl Earring,26.77,1,In stock,True
2026-05-03,"Fruits Basket, Vol. 4 (Fruits Basket #4)",50.44,4,In stock,True
2026-05-03,Far From True (Promise Falls Trilogy #2),34.93,2,In stock,True
2026-05-03,Dark Lover (Black Dagger Brotherhood #1),12.87,1,In stock,True
2026-05-03,Confessions of a Shopaholic (Shopaholic #1),48.94,2,In stock,True
2026-05-03,Changing the Game (Play by Play #2),13.38,3,In stock,True
2026-05-03,Candide,58.63,3,In stock,True
2026-05-03,Can You Keep a Secret?,21.94,1,In stock,True
2026-05-03,Atlas Shrugged,26.58,5,In stock,True
2026-05-03,Animal Farm,57.22,3,In stock,True
2026-05-03,A Walk to Remember,56.43,1,In stock,True
2026-05-03,A New Earth: Awakening to Your Life's Purpose,55.65,5,In stock,True
2026-05-03,"A History of God: The 4,000-Year Quest of Judaism, Christianity, and Islam",27.62,1,In stock,True
2026-05-03,'Salem's Lot,49.56,4,In stock,True
2026-05-03,Zero History (Blue Ant #3),34.77,1,In stock,True
2026-05-03,Wuthering Heights,17.73,3,In stock,True
2026-05-03,World War Z: An Oral History of the Zombie War,21.8,1,In stock,True
2026-05-03,Wild: From Lost to Found on the Pacific Crest Trail,46.02,3,In stock,True
2026-05-03,"Where'd You Go, Bernadette",18.13,1,In stock,True
2026-05-03,When You Are Engulfed in Flames,30.89,5,In stock,True
2026-05-03,We the People: The Modern-Day Figures Who Have Reshaped and Affirmed the Founding Fathers' Vision of America,31.95,3,In stock,True
2026-05-03,We Are All Completely Beside Ourselves,24.04,1,In stock,True
2026-05-03,Walk the Edge (Thunder Road #2),32.36,3,In stock,True
2026-05-03,Voyager (Outlander #3),21.07,5,In stock,True
2026-05-03,Very Good Lives: The Fringe Benefits of Failure and the Importance of Imagination,50.66,3,In stock,True
2026-05-03,Vegan Vegetarian Omnivore: Dinner for Everyone at the Table,13.66,2,In stock,True
2026-05-03,"Unstuffed: Decluttering Your Home, Mind, and Soul",58.09,1,In stock,True
2026-05-03,Under the Banner of Heaven: A Story of Violent Faith,30.0,1,In stock,True
2026-05-03,Two Boys Kissing,32.74,2,In stock,True
2026-05-03,Twilight (Twilight #1),41.93,2,In stock,True
2026-05-03,Twenties Girl,42.8,2,In stock,True
2026-05-03,"Trespassing Across America: One Man's Epic, Never-Done-Before (and Sort of Illegal) Hike Across the Heartland",53.51,1,In stock,True
2026-05-03,Three-Martini Lunch,23.21,3,In stock,True
2026-05-03,"Thinking, Fast and Slow",21.14,1,In stock,True
2026-05-03,The Wild Robot,56.07,3,In stock,True
2026-05-03,"The Wicked + The Divine, Vol. 3: Commercial Suicide (The Wicked + The Divine)",14.41,3,In stock,True
2026-05-03,The Undomestic Goddess,45.75,4,In stock,True
2026-05-03,The Travelers,15.77,1,In stock,True
2026-05-03,The Tipping Point: How Little Things Can Make a Big Difference,10.02,2,In stock,True
2026-05-03,The Thing About Jellyfish,48.77,1,In stock,True
2026-05-03,The Stand,57.86,2,In stock,True
2026-05-03,The Smitten Kitchen Cookbook,23.59,1,In stock,True
2026-05-03,The Silkworm (Cormoran Strike #2),23.05,5,In stock,True
2026-05-03,"The Sandman, Vol. 3: Dream Country (The Sandman (volumes) #3)",55.55,5,In stock,True
2026-05-03,The Rose & the Dagger (The Wrath and the Dawn #2),58.64,4,In stock,True
2026-05-03,The Road to Little Dribbling: Adventures of an American in Britain (Notes From a Small Island #2),23.21,1,In stock,True
2026-05-03,The Rise of Theodore Roosevelt (Theodore Roosevelt #1),42.57,3,In stock,True
2026-05-03,The Restaurant at the End of the Universe (Hitchhiker's Guide to the Galaxy #2),10.92,1,In stock,True
2026-05-03,The Rest Is Noise: Listening to the Twentieth Century,34.77,1,In stock,True
2026-05-03,The Red Tent,35.66,5,In stock,True
2026-05-03,The Purpose Driven Life: What on Earth Am I Here for?,37.19,3,In stock,True
2026-05-03,The Purest Hook (Second Circle Tattoos #3),12.25,1,In stock,True
2026-05-03,The Picture of Dorian Gray,29.7,2,In stock,True
2026-05-03,The Paris Wife,36.8,3,In stock,True
2026-05-03,The Obsession,45.43,1,In stock,True
2026-05-03,The Nightingale,26.26,4,In stock,True
2026-05-03,The New Guy (and Other Senior Year Distractions),44.92,3,In stock,True
2026-05-03,The Nanny Diaries (Nanny #1),52.53,5,In stock,True
2026-05-03,The Name of God is Mercy,37.25,2,In stock,True
2026-05-03,The Maze Runner (The Maze Runner #1),20.93,1,In stock,True
2026-05-03,The Lover's Dictionary,58.09,2,In stock,True
2026-05-03,The Lonely Ones,43.59,5,In stock,True
2026-05-03,The Lean Startup: How Today's Entrepreneurs Use Continuous Innovation to Create Radically Successful Businesses,33.92,3,In stock,True
2026-05-03,The Last Painting of Sara de Vos,55.55,2,In stock,True
2026-05-03,"The Land of 10,000 Madonnas",29.64,4,In stock,True
2026-05-03,The Infinities,27.41,1,In stock,True
2026-05-03,The Husband's Secret,52.51,5,In stock,True
2026-05-03,The Hitchhiker's Guide to the Galaxy (Hitchhiker's Guide to the Galaxy #1),47.8,3,In stock,True
2026-05-03,The Guns of August,14.54,2,In stock,True
2026-05-03,The Guernsey Literary and Potato Peel Pie Society,49.53,1,In stock,True
2026-05-03,The Goldfinch,43.58,3,In stock,True
2026-05-03,The Giver (The Giver Quartet #1),12.3,1,In stock,True
2026-05-03,The Girl with All the Gifts,49.47,3,In stock,True
2026-05-03,The Girl Who Played with Fire (Millennium Trilogy #2),22.14,2,In stock,True
2026-05-03,The Girl Who Kicked the Hornet's Nest (Millennium Trilogy #3),57.48,1,In stock,True
2026-05-03,The Exiled,43.45,3,In stock,True
2026-05-03,"The End of Faith: Religion, Terror, and the Future of Reason",22.13,4,In stock,True
2026-05-03,"The Elegant Universe: Superstrings, Hidden Dimensions, and the Quest for the Ultimate Theory",13.03,4,In stock,True
2026-05-03,"The Disappearing Spoon: And Other True Tales of Madness, Love, and the History of the World from the Periodic Table of the Elements",57.35,5,In stock,True
2026-05-03,The Devil Wears Prada (The Devil Wears Prada #1),44.29,1,In stock,True
2026-05-03,The Demon-Haunted World: Science as a Candle in the Dark,52.25,4,In stock,True
2026-05-03,The Day the Crayons Came Home (Crayons),26.33,5,In stock,True
2026-05-03,The Da Vinci Code (Robert Langdon #2),22.96,2,In stock,True
2026-05-03,The Cuckoo's Calling (Cormoran Strike #1),19.21,1,In stock,True
2026-05-03,The Complete Stories and Poems (The Works of Edgar Allan Poe [Cameo Edition]),26.78,4,In stock,True
2026-05-03,The Complete Poems,41.32,5,In stock,True
2026-05-03,The Catcher in the Rye,24.55,1,In stock,True
2026-05-03,The Cat in the Hat (Beginner Books B-1),16.26,2,In stock,True
2026-05-03,The Case for Christ (Cases for Christianity),47.84,1,In stock,True
2026-05-03,The Book Thief,53.49,2,In stock,True
2026-05-03,The Book of Basketball: The NBA According to The Sports Guy,44.84,5,In stock,True
2026-05-03,The Blind Side: Evolution of a Game,53.71,5,In stock,True
2026-05-03,The Autobiography of Malcolm X,23.43,2,In stock,True
2026-05-03,"The Art of Simple Food: Notes, Lessons, and Recipes from a Delicious Revolution",34.32,3,In stock,True
2026-05-03,The Art of Fielding,22.1,1,In stock,True
2026-05-03,"Surely You're Joking, Mr. Feynman!: Adventures of a Curious Character",25.83,2,In stock,True
2026-05-03,Stiff: The Curious Lives of Human Cadavers,36.74,3,In stock,True
2026-05-03,Spilled Milk: Based on a True Story,49.51,1,In stock,True
2026-05-03,Something Borrowed (Darcy & Rachel #1),48.96,5,In stock,True
2026-05-03,Something Blue (Darcy & Rachel #2),54.62,1,In stock,True
2026-05-03,Soldier (Talon #3),24.72,2,In stock,True
2026-05-03,Shopaholic & Baby (Shopaholic #5),46.45,2,In stock,True
2026-05-03,Seven Days in the Art World,52.33,2,In stock,True
2026-05-03,Seven Brief Lessons on Physics,30.6,4,In stock,True
2026-05-03,Scarlet (The Lunar Chronicles #2),14.57,4,In stock,True
2026-05-03,Sarah's Key,46.29,1,In stock,True
2026-05-03,"Saga, Volume 3 (Saga (Collected Editions) #3)",21.57,5,In stock,True
2026-05-03,Running with Scissors,12.91,4,In stock,True
2026-05-03,Rogue Lawyer (Rogue Lawyer #1),50.11,3,In stock,True
2026-05-03,"Rise of the Rocket Girls: The Women Who Propelled Us, from Missiles to the Moon to Mars",41.67,4,In stock,True
2026-05-03,Rework,44.88,2,In stock,True
2026-05-03,Reservations for Two,11.1,3,In stock,True
2026-05-03,Red: The True Story of Red Riding Hood,28.54,3,In stock,True
2026-05-03,Ready Player One,19.07,4,In stock,True
2026-05-03,Quiet: The Power of Introverts in a World That Can't Stop Talking,43.55,1,In stock,True
2026-05-03,Prodigy: The Graphic Novel (Legend: The Graphic Novel #2),43.63,3,In stock,True
2026-05-03,Persepolis: The Story of a Childhood (Persepolis #1-2),39.13,1,In stock,True
2026-05-03,Packing for Mars: The Curious Science of Life in the Void,56.68,2,In stock,True
2026-05-03,Outliers: The Story of Success,14.16,1,In stock,True
2026-05-03,Original Fake,31.45,3,In stock,True
2026-05-03,Orange Is the New Black,24.61,2,In stock,True
2026-05-03,One for the Money (Stephanie Plum #1),32.87,2,In stock,True
2026-05-03,Notes from a Small Island (Notes From a Small Island #1),40.17,1,In stock,True
2026-05-03,Night (The Night Trilogy #1),13.51,1,In stock,True
2026-05-03,Neither Here nor There: Travels in Europe,38.95,3,In stock,True
2026-05-03,Naked,31.69,3,In stock,True
2026-05-03,Morning Star (Red Rising #3),29.4,1,In stock,True
2026-05-03,"Miracles from Heaven: A Little Girl, Her Journey to Heaven, and Her Amazing Story of Healing",57.83,1,In stock,True
2026-05-03,Midnight Riot (Peter Grant/ Rivers of London - books #1),55.46,2,In stock,True
2026-05-03,Me Talk Pretty One Day,57.6,2,In stock,True
2026-05-03,Manuscript Found in Accra,34.98,2,In stock,True
2026-05-03,Lust & Wonder,11.87,2,In stock,True
2026-05-03,Lila (Gilead #3),12.47,3,In stock,True
2026-05-03,"Life, the Universe and Everything (Hitchhiker's Guide to the Galaxy #3)",33.26,2,In stock,True
2026-05-03,Life Without a Recipe,59.04,5,In stock,True
2026-05-03,Life After Life,26.13,2,In stock,True
2026-05-03,Letter to a Christian Nation,22.2,1,In stock,True
2026-05-03,Let's Pretend This Never Happened: A Mostly True Memoir,45.11,1,In stock,True
2026-05-03,Legend (Legend #1),43.69,4,In stock,True
2026-05-03,"Lean In: Women, Work, and the Will to Lead",25.02,1,In stock,True
2026-05-03,"Lamb: The Gospel According to Biff, Christ's Childhood Pal",55.5,5,In stock,True
2026-05-03,Lady Renegades (Rebel Belle #3),53.04,5,In stock,True
2026-05-03,Jurassic Park (Jurassic Park #1),44.97,1,In stock,True
2026-05-03,It's Never Too Late to Begin Again: Discovering Creativity and Meaning at Midlife and Beyond,42.38,1,In stock,True
2026-05-03,Is Everyone Hanging Out Without Me? (And Other Concerns),20.11,3,In stock,True
2026-05-03,Into the Wild,56.7,5,In stock,True
2026-05-03,Inferno (Robert Langdon #4),41.0,5,In stock,True
2026-05-03,"In the Garden of Beasts: Love, Terror, and an American Family in Hitler's Berlin",28.85,3,In stock,True
2026-05-03,If I Run (If I Run #1),49.97,4,In stock,True
2026-05-03,I've Got Your Number,19.69,1,In stock,True
2026-05-03,I Am Malala: The Girl Who Stood Up for Education and Was Shot by the Taliban,28.88,2,In stock,True
2026-05-03,Hungry Girl Clean & Hungry: Easy All-Natural Recipes for Healthy Eating in the Real World,33.14,3,In stock,True
2026-05-03,"House of Lost Worlds: Dinosaurs, Dynasties, and the Story of Life on Earth",43.7,2,In stock,True
2026-05-03,House of Leaves,54.89,1,In stock,True
2026-05-03,Horrible Bear!,37.52,2,In stock,True
2026-05-03,Holidays on Ice,51.07,2,In stock,True
2026-05-03,Heir to the Sky,44.07,4,In stock,True
2026-05-03,Green Eggs and Ham (Beginner Books B-16),10.79,4,In stock,True
2026-05-03,"Grayson, Vol 3: Nemesis (Grayson #3)",42.72,1,In stock,True
2026-05-03,Gratitude,26.66,5,In stock,True
2026-05-03,Gone Girl,37.6,5,In stock,True
2026-05-03,Golden (Heart of Dread #3),42.21,4,In stock,True
2026-05-03,Girl in the Blue Coat,46.83,2,In stock,True
2026-05-03,"Fruits Basket, Vol. 3 (Fruits Basket #3)",45.17,2,In stock,True
2026-05-03,"Friday Night Lights: A Town, a Team, and a Dream",51.22,3,In stock,True
2026-05-03,Fire Bound (Sea Haven/Sisters of the Heart #5),21.28,4,In stock,True
2026-05-03,Fifty Shades Freed (Fifty Shades #3),15.36,5,In stock,True
2026-05-03,Fellside,38.62,1,In stock,True
2026-05-03,Extreme Prey (Lucas Davenport #26),25.4,3,In stock,True
2026-05-03,Eragon (The Inheritance Cycle #1),43.87,3,In stock,True
2026-05-03,Eclipse (Twilight #3),18.74,1,In stock,True
2026-05-03,Dune (Dune #1),54.86,1,In stock,True
2026-05-03,Dracula,52.62,3,In stock,True
2026-05-03,Do Androids Dream of Electric Sheep? (Blade Runner #1),51.48,1,In stock,True
2026-05-03,Disrupted: My Misadventure in the Start-Up Bubble,15.28,5,In stock,True
2026-05-03,Dead Wake: The Last Crossing of the Lusitania,39.24,5,In stock,True
2026-05-03,"David and Goliath: Underdogs, Misfits, and the Art of Battling Giants",17.81,1,In stock,True
2026-05-03,Darkfever (Fever #1),56.02,1,In stock,True
2026-05-03,Dark Places,23.9,5,In stock,True
2026-05-03,Crazy Rich Asians (Crazy Rich Asians #1),49.13,5,In stock,True
2026-05-03,Counting Thyme,10.62,1,In stock,True
2026-05-03,Cosmos,36.17,2,In stock,True
2026-05-03,Civilization and Its Discontents,59.95,2,In stock,True
2026-05-03,Cinder (The Lunar Chronicles #1),26.09,1,In stock,True
2026-05-03,Catastrophic Happiness: Finding Joy in Childhood's Messy Years,37.35,2,In stock,True
2026-05-03,Career of Evil (Cormoran Strike #3),24.72,2,In stock,True
2026-05-03,Breaking Dawn (Twilight #4),35.28,5,In stock,True
2026-05-03,Brave Enough,51.32,5,In stock,True
2026-05-03,Boy Meets Boy,21.12,3,In stock,True
2026-05-03,"Born to Run: A Hidden Tribe, Superathletes, and the Greatest Race the World Has Never Seen",27.35,2,In stock,True
2026-05-03,Blink: The Power of Thinking Without Thinking,21.74,5,In stock,True
2026-05-03,Black Flags: The Rise of ISIS,40.87,1,In stock,True
2026-05-03,"Black Butler, Vol. 1 (Black Butler #1)",49.31,1,In stock,True
2026-05-03,Big Little Lies,22.11,1,In stock,True
2026-05-03,Between Shades of Gray,20.79,5,In stock,True
2026-05-03,Best of My Love (Fool's Gold #20),27.41,2,In stock,True
2026-05-03,Beowulf,38.35,2,In stock,True
2026-05-03,Beautiful Creatures (Caster Chronicles #1),21.55,5,In stock,True
2026-05-03,Awkward,38.02,2,In stock,True
2026-05-03,Ash,22.06,4,In stock,True
2026-05-03,Are We There Yet?,10.66,3,In stock,True
2026-05-03,Are We Smart Enough to Know How Smart Animals Are?,56.58,1,In stock,True
2026-05-03,Annie on My Mind,36.83,5,In stock,True
2026-05-03,And Then There Were None,35.01,2,In stock,True
2026-05-03,A Walk in the Woods: Rediscovering America on the Appalachian Trail,30.48,4,In stock,True
2026-05-03,A Visit from the Goon Squad,14.08,5,In stock,True
2026-05-03,A Storm of Swords (A Song of Ice and Fire #3),31.22,2,In stock,True
2026-05-03,A Heartbreaking Work of Staggering Genius,54.29,5,In stock,True
2026-05-03,8 Keys to Mental Health Through Exercise,31.04,1,In stock,True
2026-05-03,#GIRLBOSS,50.96,1,In stock,True
2026-05-03,"The Suffragettes (Little Black Classics, #96)",11.89,2,In stock,True
2026-05-03,The Sense of an Ending,31.38,3,In stock,True
2026-05-03,"The Sandman, Vol. 2: The Doll's House (The Sandman (volumes) #2)",54.81,1,In stock,True
2026-05-03,The Course of Love,16.78,3,In stock,True
2026-05-03,Sugar Rush (Offensive Line #2),24.42,1,In stock,True
2026-05-03,"Saga, Volume 2 (Saga (Collected Editions) #2)",11.75,3,In stock,True
2026-05-03,"Run, Spot, Run: The Ethics of Keeping Pets",20.02,1,In stock,True
2026-05-03,New Moon (Twilight #2),12.86,4,In stock,True
2026-05-03,Life,31.58,5,In stock,True
2026-05-03,Kindle Paperwhite User's Guide,34.0,3,In stock,True
2026-05-03,H is for Hawk,57.42,5,In stock,True
2026-05-03,Girl Online On Tour (Girl Online #2),53.47,1,In stock,True
2026-05-03,"Fruits Basket, Vol. 2 (Fruits Basket #2)",11.64,5,In stock,True
2026-05-03,Diary of a Minecraft Zombie Book 1: A Scare of a Dare (An Unofficial Minecraft Book),52.88,4,In stock,True
2026-05-03,"Y: The Last Man, Vol. 1: Unmanned (Y: The Last Man #1)",18.51,4,In stock,True
2026-05-03,While You Were Mine,41.32,5,In stock,True
2026-05-03,Where Lightning Strikes (Bleeding Stars #3),39.77,3,In stock,True
2026-05-03,When I'm Gone,51.96,3,In stock,True
2026-05-03,Ways of Seeing,39.51,5,In stock,True
2026-05-03,"Vampire Knight, Vol. 1 (Vampire Knight #1)",15.4,1,In stock,True
2026-05-03,Vampire Girl (Vampire Girl #1),53.82,2,In stock,True
2026-05-03,Twenty Love Poems and a Song of Despair,30.95,4,In stock,True
2026-05-03,Travels with Charley: In Search of America,57.82,5,In stock,True
2026-05-03,Three Wishes (River of Time: California #1),44.18,2,In stock,True
2026-05-03,This One Moment (Pushing Limits #1),48.71,1,In stock,True
2026-05-03,The Zombie Room,19.69,5,In stock,True
2026-05-03,"The Wicked + The Divine, Vol. 1: The Faust Act (The Wicked + The Divine)",36.52,2,In stock,True
2026-05-03,The Tumor,41.56,5,In stock,True
2026-05-03,The Story of Hong Gildong,43.19,4,In stock,True
2026-05-03,The Silent Wife,12.34,5,In stock,True
2026-05-03,The Silent Twin (Detective Jennifer Knight #3),36.25,3,In stock,True
2026-05-03,The Selfish Gene,29.45,1,In stock,True
2026-05-03,The Secret Healer,34.56,3,In stock,True
2026-05-03,"The Sandman, Vol. 1: Preludes and Nocturnes (The Sandman (volumes) #1)",54.12,3,In stock,True
2026-05-03,The Republic,33.78,3,In stock,True
2026-05-03,The Odyssey,29.64,3,In stock,True
2026-05-03,The No. 1 Ladies' Detective Agency (No. 1 Ladies' Detective Agency #1),57.7,4,In stock,True
2026-05-03,The Nicomachean Ethics,36.34,1,In stock,True
2026-05-03,The Name of the Wind (The Kingkiller Chronicle #1),50.59,3,In stock,True
2026-05-03,The Mirror & the Maze (The Wrath and the Dawn #1.5),29.38,1,In stock,True
2026-05-03,The Little Prince,45.42,2,In stock,True
2026-05-03,The Light of the Fireflies,54.43,1,In stock,True
2026-05-03,The Last Girl (The Dominion Trilogy #1),36.26,2,In stock,True
2026-05-03,The Iliad,16.16,1,In stock,True
2026-05-03,The Hook Up (Game On #1),36.29,5,In stock,True
2026-05-03,The Haters,27.89,5,In stock,True
2026-05-03,The Girl You Lost,12.29,5,In stock,True
2026-05-03,The Girl In The Ice (DCI Erika Foster #1),15.85,3,In stock,True
2026-05-03,The End of the Jesus Era (An Investigation #1),14.4,1,In stock,True
2026-05-03,The Edge of Reason (Bridget Jones #2),19.18,4,In stock,True
2026-05-03,The Complete Maus (Maus #1-2),10.64,3,In stock,True
2026-05-03,The Communist Manifesto,14.76,3,In stock,True
2026-05-03,The Bhagavad Gita,57.49,3,In stock,True
2026-05-03,The Bette Davis Club,30.66,3,In stock,True
2026-05-03,The Art of Not Breathing,40.83,4,In stock,True
2026-05-03,Taking Shots (Assassins #1),18.88,2,In stock,True
2026-05-03,Starlark,25.83,3,In stock,True
2026-05-03,"Skip Beat!, Vol. 01 (Skip Beat! #1)",42.12,3,In stock,True
2026-05-03,Sister Sable (The Mad Queen #1),13.33,3,In stock,True
2026-05-03,Shatter Me (Shatter Me #1),42.4,1,In stock,True
2026-05-03,Shameless,58.35,3,In stock,True
2026-05-03,Shadow Rites (Jane Yellowrock #10),21.72,4,In stock,True
2026-05-03,Settling the Score (The Summer Games #1),44.91,2,In stock,True
2026-05-03,Sense and Sensibility,37.46,1,In stock,True
2026-05-03,"Saga, Volume 1 (Saga (Collected Editions) #1)",28.48,1,In stock,True
2026-05-03,"Rhythm, Chord & Malykhin",28.34,2,In stock,True
2026-05-03,"Rat Queens, Vol. 1: Sass & Sorcery (Rat Queens (Collected Editions) #1-5)",46.96,5,In stock,True
2026-05-03,Paradise Lost (Paradise #1),24.96,1,In stock,True
2026-05-03,"Paper Girls, Vol. 1 (Paper Girls #1-5)",21.71,4,In stock,True
2026-05-03,"Ouran High School Host Club, Vol. 1 (Ouran High School Host Club #1)",29.87,3,In stock,True
2026-05-03,Origins (Alphas 0.5),28.99,1,In stock,True
2026-05-03,One Second (Seven #7),52.94,2,In stock,True
2026-05-03,On the Road (Duluoz Legend),32.36,3,In stock,True
2026-05-03,Old Records Never Die: One Man's Quest for His Vinyl and His Past,55.66,2,In stock,True
2026-05-03,Off Sides (Off #1),39.45,5,In stock,True
2026-05-03,Of Mice and Men,47.11,2,In stock,True
2026-05-03,Myriad (Prentor #1),58.75,4,In stock,True
2026-05-03,My Perfect Mistake (Over the Top #1),38.92,2,In stock,True
2026-05-03,"Ms. Marvel, Vol. 1: No Normal (Ms. Marvel (2014-2015) #1)",39.39,4,In stock,True
2026-05-03,Meditations,25.89,2,In stock,True
2026-05-03,Matilda,28.34,1,In stock,True
2026-05-03,Lost Among the Living,27.7,4,In stock,True
2026-05-03,Lord of the Flies,24.89,3,In stock,True
2026-05-03,Listen to Me (Fusion #1),58.99,3,In stock,True
2026-05-03,Kitchens of the Great Midwest,57.2,5,In stock,True
2026-05-03,Jane Eyre,38.43,5,In stock,True
2026-05-03,Imperfect Harmony,34.74,4,In stock,True
2026-05-03,Icing (Aces Hockey #2),40.44,4,In stock,True
2026-05-03,"Hawkeye, Vol. 1: My Life as a Weapon (Hawkeye #1)",45.24,3,In stock,True
2026-05-03,Having the Barbarian's Baby (Ice Planet Barbarians #7.5),34.96,4,In stock,True
2026-05-03,"Giant Days, Vol. 1 (Giant Days #1-4)",56.76,4,In stock,True
2026-05-03,"Fruits Basket, Vol. 1 (Fruits Basket #1)",40.28,5,In stock,True
2026-05-03,Frankenstein,38.0,2,In stock,True
2026-05-03,Forever Rockers (The Rocker #12),28.8,3,In stock,True
2026-05-03,Fighting Fate (Fighting #6),39.24,3,In stock,True
2026-05-03,Emma,32.93,2,In stock,True
2026-05-03,"Eat, Pray, Love",51.32,3,In stock,True
2026-05-03,Deep Under (Walker Security #1),47.09,5,In stock,True
2026-05-03,Choosing Our Religion: The Spiritual Lives of America's Nones,28.42,4,In stock,True
2026-05-03,Charlie and the Chocolate Factory (Charlie Bucket #1),22.85,3,In stock,True
2026-05-03,Charity's Cross (Charles Towne Belles #4),41.24,1,In stock,True
2026-05-03,Bright Lines,39.07,5,In stock,True
2026-05-03,Bridget Jones's Diary (Bridget Jones #1),29.82,1,In stock,True
2026-05-03,Bounty (Colorado Mountain #7),37.26,4,In stock,True
2026-05-03,Blood Defense (Samantha Brinkman #1),20.3,3,In stock,True
2026-05-03,"Bleach, Vol. 1: Strawberry and the Soul Reapers (Bleach #1)",34.65,5,In stock,True
2026-05-03,Beyond Good and Evil,43.38,1,In stock,True
2026-05-03,Alice in Wonderland (Alice's Adventures in Wonderland #1),55.53,1,In stock,True
2026-05-03,"Ajin: Demi-Human, Volume 1 (Ajin: Demi-Human #1)",57.06,4,In stock,True
2026-05-03,A Spy's Devotion (The Regency Spies of London #1),16.97,5,In stock,True
2026-05-03,1st to Die (Women's Murder Club #1),53.98,1,In stock,True
2026-05-03,"1,000 Places to See Before You Die",26.08,5,In stock,True
